{
  "rmse": 2.1516044076039105,
  "mae": 1.2696426312499063
}