{
  "rmse": 1.7457359726375496,
  "mae": 0.8897497353056077
}