{
  "rmse": 1.7172479605455389,
  "mae": 1.2403451750133272
}