{
  "rmse": 1.4925352447673959,
  "mae": 0.8808806187991342
}