{
  "max_depth": 9,
  "learning_rate": 0.012244191028623523,
  "n_estimators": 1775,
  "num_leaves": 224,
  "min_child_samples": 93,
  "subsample": 0.9215299191417822,
  "colsample_bytree": 0.8273506208746086,
  "reg_alpha": 0.0023361665611067346,
  "reg_lambda": 5.3121653080651515e-08
}