{
  "rmse": 8.171337557691084,
  "mae": 5.394059294375473
}