{
  "rmse": 11.6477740434793,
  "mae": 7.04769658836258
}